,Rk,Player,M,M W%,SPW,SPW-InP,Aces,Ace%,DFs,DF%,DF/2s,1stIn,1st%,2nd%,2%-InP,Hld%,Pts/SG,PtsL/SG,Country,RPW,RPW-InP,vAce%,vDF%,v1st%,v2nd%,Brk%,Pts/RG,PtsW/RG,MdOppRk,MnOppRk,BPConv%,BPConv,BPChnc,BP/G,BP/S,BP/M,Bks/S,Bks/M,BPSvd%,BPSaved,BPvs,BPvs/G,BPvs/S,BPvs/M,Bkn/S,Bkn/M,DR,Points,TPW%,TBs,TB W%,TB/S,Sets,S W%,Gms,G W%,Time/Mt,Min/Set,Sec/Pt
0,1.0,Novak Djokovic ,65.0,0.831,0.695,0.695,373.0,0.077,166.0,0.034,0.1,0.659,0.759,0.57,0.634,0.877,5.9,1.8,SRB,0.41700000000000004,0.42700000000000005,0.07,0.035,0.33899999999999997,0.542,0.317,6.5,2.7,31.0,46.7,0.49,253.0,516.0,0.65,3.0,7.9,1.45,3.9,0.638,180.0,282.0,0.34,1.6,4.3,0.59,1.6,1.37,10023.0,0.552,19.0,0.737,0.109,174.0,0.7929999999999999,1626.0,0.601,111,41.6,43.3
1,2.0,Daniil Medvedev ,79.0,0.7340000000000001,0.6709999999999999,0.66,690.0,0.11699999999999999,254.0,0.043,0.107,0.598,0.7559999999999999,0.546,0.611,0.8420000000000001,6.1,2.0,RUS,0.40299999999999997,0.40399999999999997,0.055,0.034,0.306,0.556,0.27899999999999997,6.5,2.6,37.0,53.2,0.434,270.0,622.0,0.64,3.1,7.9,1.34,3.4,0.612,241.0,394.0,0.41,2.0,5.0,0.76,1.9,1.23,12130.0,0.5329999999999999,33.0,0.6970000000000001,0.163,202.0,0.703,1934.0,0.56,105,40.9,40.9
2,3.0,Rafael Nadal ,59.0,0.8809999999999999,0.701,0.7020000000000001,269.0,0.063,117.0,0.027000000000000003,0.077,0.647,0.759,0.595,0.645,0.902,5.9,1.8,ESP,0.425,0.44799999999999995,0.087,0.03,0.35100000000000003,0.5579999999999999,0.35100000000000003,6.5,2.8,29.0,51.1,0.449,247.0,550.0,0.78,3.5,9.3,1.56,4.2,0.6759999999999999,150.0,222.0,0.3,1.4,3.8,0.46,1.2,1.42,8910.0,0.5579999999999999,16.0,0.625,0.10099999999999999,158.0,0.8290000000000001,1435.0,0.631,123,45.9,48.8
3,4.0,Stefanos Tsitsipas ,78.0,0.679,0.679,0.6679999999999999,554.0,0.086,174.0,0.027000000000000003,0.07400000000000001,0.638,0.763,0.531,0.573,0.856,6.2,2.0,GRE,0.35600000000000004,0.361,0.065,0.03,0.292,0.47200000000000003,0.196,6.4,2.3,36.0,46.3,0.364,200.0,550.0,0.54,2.7,7.1,0.98,2.6,0.65,280.0,431.0,0.41,2.1,5.5,0.74,1.9,1.11,12996.0,0.517,45.0,0.711,0.22,205.0,0.639,2066.0,0.53,116,44.2,41.8
4,5.0,Dominic Thiem ,64.0,0.7340000000000001,0.67,0.6679999999999999,304.0,0.062,136.0,0.027999999999999997,0.081,0.6579999999999999,0.731,0.552,0.601,0.8390000000000001,6.1,2.0,AUT,0.374,0.37799999999999995,0.068,0.035,0.294,0.508,0.23600000000000002,6.4,2.4,34.0,50.5,0.41700000000000004,189.0,453.0,0.57,2.8,7.1,1.15,3.0,0.62,212.0,342.0,0.42,2.1,5.3,0.79,2.0,1.13,10015.0,0.52,29.0,0.552,0.177,164.0,0.6459999999999999,1606.0,0.539,113,44.2,43.5
5,6.0,Alexander Zverev ,65.0,0.631,0.645,0.645,698.0,0.132,385.0,0.073,0.21899999999999997,0.6679999999999999,0.747,0.441,0.564,0.795,6.2,2.2,GER,0.389,0.389,0.051,0.033,0.318,0.507,0.255,6.6,2.6,49.0,55.0,0.387,215.0,556.0,0.66,3.2,8.6,1.23,3.3,0.596,257.0,431.0,0.51,2.5,6.6,0.99,2.7,1.1,10867.0,0.514,32.0,0.594,0.183,175.0,0.594,1693.0,0.526,116,42.9,41.5
6,7.0,Andrey Rublev ,72.0,0.639,0.644,0.643,433.0,0.076,228.0,0.04,0.099,0.594,0.736,0.509,0.565,0.8109999999999999,6.4,2.3,RUS,0.39299999999999996,0.40399999999999997,0.094,0.046,0.3,0.5329999999999999,0.245,6.7,2.6,50.5,71.7,0.365,218.0,598.0,0.67,3.3,8.3,1.22,3.0,0.633,288.0,455.0,0.52,2.5,6.3,0.93,2.3,1.1,11638.0,0.516,39.0,0.48700000000000004,0.218,179.0,0.5870000000000001,1772.0,0.527,103,41.3,38.1
7,8.0,Roger Federer ,61.0,0.836,0.715,0.7,460.0,0.098,97.0,0.021,0.057999999999999996,0.647,0.7809999999999999,0.594,0.63,0.912,5.9,1.7,SUI,0.392,0.392,0.053,0.034,0.326,0.5,0.257,6.6,2.6,29.5,44.5,0.409,203.0,496.0,0.63,3.0,8.1,1.23,3.3,0.711,172.0,242.0,0.3,1.5,4.0,0.42,1.1,1.38,9877.0,0.546,24.0,0.792,0.145,165.0,0.7759999999999999,1584.0,0.586,106,39.1,39.2
8,9.0,Matteo Berrettini ,65.0,0.6459999999999999,0.687,0.6679999999999999,578.0,0.113,142.0,0.027999999999999997,0.07200000000000001,0.613,0.782,0.5379999999999999,0.579,0.873,6.1,1.9,ITA,0.34700000000000003,0.344,0.059000000000000004,0.036000000000000004,0.273,0.475,0.17800000000000002,6.4,2.2,36.0,52.0,0.375,148.0,395.0,0.47,2.4,6.1,0.89,2.3,0.688,234.0,340.0,0.41,2.0,5.2,0.64,1.6,1.11,10416.0,0.514,39.0,0.564,0.235,166.0,0.602,1668.0,0.526,112,43.8,41.8
9,10.0,Roberto Bautista Agut ,61.0,0.6559999999999999,0.67,0.6679999999999999,239.0,0.05,104.0,0.022000000000000002,0.063,0.659,0.728,0.56,0.597,0.8440000000000001,6.0,2.0,ESP,0.38799999999999996,0.409,0.09699999999999999,0.032,0.29100000000000004,0.537,0.245,6.6,2.6,45.5,60.2,0.402,195.0,485.0,0.61,2.9,8.0,1.16,3.2,0.597,187.0,313.0,0.39,1.9,5.1,0.75,2.1,1.18,10103.0,0.523,23.0,0.348,0.13699999999999998,168.0,0.625,1604.0,0.547,118,42.8,42.7
10,11.0,Diego Sebastian Schwartzman ,65.0,0.631,0.617,0.63,132.0,0.025,187.0,0.036000000000000004,0.10400000000000001,0.653,0.6729999999999999,0.51,0.569,0.753,6.4,2.5,ARG,0.42,0.43,0.075,0.04,0.331,0.5589999999999999,0.315,6.6,2.8,57.0,61.2,0.423,257.0,607.0,0.74,3.5,9.3,1.49,4.0,0.5770000000000001,273.0,473.0,0.58,2.7,7.3,1.16,3.1,1.1,10554.0,0.517,24.0,0.542,0.139,173.0,0.584,1626.0,0.5329999999999999,113,42.3,41.6
11,12.0,Denis Shapovalov ,58.0,0.569,0.665,0.6679999999999999,446.0,0.106,239.0,0.057,0.141,0.596,0.762,0.523,0.608,0.8440000000000001,6.2,2.1,CAN,0.359,0.35,0.046,0.039,0.292,0.47100000000000003,0.19,6.4,2.3,45.0,55.0,0.381,130.0,341.0,0.5,2.5,5.9,0.94,2.2,0.653,201.0,308.0,0.45,2.2,5.3,0.77,1.8,1.07,8548.0,0.51,25.0,0.52,0.18,139.0,0.547,1367.0,0.517,96,40.0,39.0
12,13.0,Pablo Carreno Busta ,56.0,0.625,0.655,0.65,255.0,0.055,100.0,0.022000000000000002,0.068,0.679,0.715,0.528,0.5670000000000001,0.845,6.4,2.2,ESP,0.376,0.396,0.11199999999999999,0.040999999999999995,0.268,0.535,0.226,6.7,2.5,57.0,80.3,0.385,162.0,421.0,0.59,2.9,7.5,1.11,2.9,0.695,253.0,364.0,0.51,2.5,6.5,0.76,2.0,1.09,9376.0,0.513,40.0,0.475,0.27399999999999997,146.0,0.603,1434.0,0.536,113,43.2,40.4
13,14.0,Casper Ruud ,55.0,0.5820000000000001,0.642,0.652,202.0,0.051,169.0,0.043,0.11800000000000001,0.639,0.7090000000000001,0.523,0.593,0.7979999999999999,6.3,2.3,NOR,0.375,0.375,0.079,0.047,0.284,0.506,0.239,6.4,2.4,83.0,99.1,0.426,147.0,345.0,0.56,2.6,6.3,1.12,2.7,0.61,199.0,326.0,0.52,2.5,5.9,0.97,2.3,1.05,7880.0,0.509,19.0,0.474,0.145,131.0,0.55,1245.0,0.522,100,41.9,41.8
14,15.0,Alex De Minaur ,52.0,0.635,0.665,0.6709999999999999,203.0,0.05,133.0,0.033,0.083,0.605,0.7390000000000001,0.552,0.603,0.8390000000000001,6.3,2.1,AUS,0.373,0.386,0.087,0.033,0.295,0.496,0.222,6.4,2.4,61.0,73.5,0.423,142.0,336.0,0.52,2.5,6.5,1.08,2.7,0.588,147.0,250.0,0.39,1.9,4.8,0.78,2.0,1.11,8158.0,0.517,27.0,0.593,0.205,132.0,0.614,1282.0,0.53,111,43.8,42.5
15,16.0,David Goffin ,61.0,0.574,0.634,0.628,371.0,0.08199999999999999,179.0,0.04,0.096,0.586,0.725,0.505,0.5589999999999999,0.784,6.2,2.3,BEL,0.39799999999999996,0.408,0.076,0.036000000000000004,0.324,0.518,0.278,6.5,2.6,42.5,48.1,0.41700000000000004,203.0,487.0,0.67,3.2,8.0,1.32,3.3,0.564,203.0,360.0,0.5,2.3,5.9,1.02,2.6,1.09,9267.0,0.513,24.0,0.5,0.156,154.0,0.565,1455.0,0.531,107,42.5,42.4
16,17.0,Gael Monfils ,55.0,0.6729999999999999,0.642,0.644,372.0,0.081,219.0,0.047,0.136,0.652,0.716,0.505,0.584,0.818,6.4,2.3,FRA,0.391,0.38799999999999996,0.045,0.033,0.324,0.498,0.27,6.4,2.5,51.0,60.6,0.41100000000000003,190.0,462.0,0.66,3.1,8.4,1.28,3.5,0.638,231.0,362.0,0.5,2.4,6.6,0.88,2.4,1.09,9108.0,0.518,29.0,0.483,0.195,149.0,0.617,1424.0,0.547,107,39.7,38.9
17,18.0,Hubert Hurkacz ,52.0,0.519,0.657,0.649,369.0,0.092,150.0,0.037000000000000005,0.105,0.644,0.7340000000000001,0.517,0.5770000000000001,0.828,6.3,2.2,POL,0.354,0.35200000000000004,0.07400000000000001,0.043,0.278,0.47100000000000003,0.185,6.3,2.2,37.0,56.6,0.386,117.0,303.0,0.48,2.3,5.8,0.9,2.3,0.6509999999999999,205.0,315.0,0.49,2.4,6.1,0.85,2.1,1.03,8010.0,0.506,24.0,0.45799999999999996,0.185,130.0,0.508,1271.0,0.509,101,40.3,39.3
18,19.0,Felix Auger Aliassime ,59.0,0.627,0.66,0.659,542.0,0.12,269.0,0.059000000000000004,0.172,0.655,0.748,0.494,0.596,0.8220000000000001,6.3,2.2,CAN,0.358,0.358,0.07,0.039,0.284,0.484,0.198,6.3,2.3,54.0,64.7,0.405,140.0,346.0,0.49,2.4,5.9,0.98,2.4,0.647,233.0,360.0,0.5,2.5,6.1,0.89,2.2,1.05,8998.0,0.51,33.0,0.667,0.231,143.0,0.573,1421.0,0.512,109,45.0,42.9
19,20.0,Christian Garin ,57.0,0.561,0.629,0.627,265.0,0.059000000000000004,147.0,0.033,0.083,0.605,0.71,0.505,0.551,0.779,6.5,2.4,CHI,0.36700000000000005,0.381,0.096,0.037000000000000005,0.29100000000000004,0.489,0.22399999999999998,6.4,2.4,59.0,62.9,0.413,154.0,373.0,0.54,2.7,6.5,1.12,2.7,0.639,269.0,421.0,0.61,3.1,7.4,1.1,2.7,0.99,8859.0,0.499,30.0,0.5329999999999999,0.217,138.0,0.522,1374.0,0.502,105,43.2,40.4
20,21.0,Grigor Dimitrov ,45.0,0.5329999999999999,0.6579999999999999,0.66,330.0,0.083,184.0,0.046,0.125,0.629,0.75,0.501,0.573,0.8240000000000001,6.2,2.1,BUL,0.376,0.384,0.08,0.037000000000000005,0.29600000000000004,0.499,0.22899999999999998,6.5,2.5,48.0,66.3,0.396,145.0,366.0,0.58,3.0,8.1,1.17,3.2,0.623,187.0,300.0,0.47,2.4,6.7,0.91,2.5,1.1,8099.0,0.514,30.0,0.3,0.242,124.0,0.532,1273.0,0.529,122,44.4,40.8
21,22.0,Milos Raonic ,34.0,0.647,0.74,0.698,669.0,0.24600000000000002,125.0,0.046,0.124,0.628,0.8390000000000001,0.574,0.655,0.929,5.8,1.5,CAN,0.336,0.34299999999999997,0.087,0.036000000000000004,0.266,0.457,0.141,6.4,2.2,56.0,71.3,0.319,65.0,204.0,0.44,2.3,6.0,0.73,1.9,0.6890000000000001,73.0,106.0,0.23,1.2,3.1,0.37,1.0,1.3,5670.0,0.53,28.0,0.679,0.315,89.0,0.674,928.0,0.539,113,43.1,40.6
22,23.0,Jannik Sinner ,27.0,0.556,0.624,0.62,125.0,0.064,66.0,0.034,0.078,0.57,0.7040000000000001,0.517,0.561,0.752,7.3,2.7,ITA,0.391,0.39899999999999997,0.077,0.037000000000000005,0.327,0.501,0.27699999999999997,7.5,2.9,91.0,114.2,0.368,78.0,212.0,0.75,3.3,7.9,1.2,2.9,0.568,88.0,155.0,0.57,2.4,5.7,1.03,2.5,1.04,4079.0,0.503,11.0,0.364,0.16899999999999998,65.0,0.508,552.0,0.509,96,40.0,38.3
23,25.0,Ugo Humbert ,45.0,0.489,0.654,0.648,321.0,0.08800000000000001,144.0,0.04,0.099,0.6,0.745,0.516,0.573,0.82,6.3,2.2,FRA,0.35700000000000004,0.358,0.076,0.042,0.27399999999999997,0.494,0.204,6.3,2.3,86.0,105.1,0.39899999999999997,118.0,296.0,0.51,2.5,6.6,1.01,2.6,0.634,180.0,284.0,0.49,2.4,6.3,0.89,2.3,1.03,7305.0,0.505,22.0,0.364,0.188,117.0,0.521,1157.0,0.513,109,41.9,40.3
24,26.0,Daniel Evans ,57.0,0.596,0.648,0.65,208.0,0.048,126.0,0.028999999999999998,0.08,0.64,0.715,0.53,0.5760000000000001,0.8029999999999999,6.3,2.2,GBR,0.389,0.4,0.078,0.033,0.318,0.5,0.264,6.5,2.5,73.0,100.0,0.41200000000000003,186.0,452.0,0.64,3.1,7.9,1.27,3.3,0.6509999999999999,255.0,392.0,0.56,2.7,6.9,0.93,2.4,1.1,8962.0,0.515,20.0,0.6,0.136,147.0,0.585,1402.0,0.532,112,43.3,42.6
25,27.0,Lorenzo Sonego ,59.0,0.5589999999999999,0.662,0.647,386.0,0.087,110.0,0.025,0.066,0.624,0.743,0.526,0.563,0.836,6.3,2.1,ITA,0.355,0.342,0.034,0.038,0.293,0.457,0.18600000000000003,6.4,2.3,73.0,86.9,0.376,130.0,346.0,0.49,2.5,5.9,0.93,2.2,0.648,212.0,327.0,0.47,2.3,5.5,0.82,1.9,1.05,8935.0,0.508,35.0,0.514,0.25,140.0,0.536,1400.0,0.511,111,46.7,43.9
26,28.0,Nikoloz Basilashvili ,52.0,0.5379999999999999,0.614,0.633,285.0,0.061,302.0,0.065,0.153,0.578,0.6940000000000001,0.506,0.597,0.76,6.6,2.5,GEO,0.377,0.392,0.09300000000000001,0.035,0.3,0.499,0.233,6.3,2.4,52.0,67.7,0.418,165.0,395.0,0.56,2.7,7.6,1.12,3.2,0.598,253.0,423.0,0.6,2.9,8.1,1.16,3.3,0.98,9161.0,0.498,23.0,0.522,0.156,147.0,0.517,1417.0,0.496,116,40.9,39.4
27,29.0,Karen Khachanov ,53.0,0.509,0.649,0.6409999999999999,403.0,0.09,168.0,0.037000000000000005,0.099,0.621,0.73,0.518,0.574,0.816,6.3,2.2,RUS,0.361,0.363,0.071,0.038,0.28,0.48700000000000004,0.196,6.6,2.4,38.0,51.3,0.392,141.0,360.0,0.5,2.5,6.8,0.97,2.7,0.635,230.0,362.0,0.5,2.5,6.8,0.91,2.5,1.03,9241.0,0.501,31.0,0.419,0.214,145.0,0.503,1439.0,0.506,120,43.8,41.3
28,30.0,Stanislas Wawrinka ,52.0,0.635,0.6779999999999999,0.653,510.0,0.111,96.0,0.021,0.051,0.591,0.764,0.5539999999999999,0.584,0.865,6.3,2.0,SUI,0.353,0.35200000000000004,0.06,0.034,0.284,0.47,0.187,6.4,2.3,43.0,54.3,0.365,134.0,367.0,0.51,2.5,7.1,0.93,2.6,0.705,237.0,336.0,0.46,2.3,6.5,0.69,1.9,1.1,9224.0,0.515,37.0,0.595,0.257,144.0,0.618,1451.0,0.529,123,44.4,41.6
29,31.0,Fabio Fognini ,51.0,0.569,0.605,0.614,201.0,0.047,189.0,0.045,0.113,0.605,0.6859999999999999,0.48200000000000004,0.5429999999999999,0.731,6.6,2.6,ITA,0.39,0.4,0.08,0.037000000000000005,0.308,0.515,0.266,6.4,2.5,49.5,66.0,0.44299999999999995,171.0,386.0,0.6,2.9,7.6,1.27,3.4,0.581,240.0,413.0,0.64,3.1,8.1,1.28,3.4,0.99,8358.0,0.499,22.0,0.636,0.163,135.0,0.541,1288.0,0.498,112,42.2,40.9
30,32.0,Reilly Opelka ,57.0,0.596,0.711,0.6509999999999999,1190.0,0.243,187.0,0.038,0.105,0.636,0.807,0.5429999999999999,0.607,0.909,6.2,1.8,USA,0.28300000000000003,0.287,0.095,0.032,0.214,0.414,0.106,6.1,1.7,50.0,68.0,0.301,83.0,276.0,0.35,1.8,4.8,0.55,1.5,0.6829999999999999,155.0,227.0,0.29,1.5,4.0,0.48,1.3,0.98,9652.0,0.5,61.0,0.557,0.40399999999999997,151.0,0.563,1579.0,0.51,110,41.6,39.1
31,33.0,John Isner ,46.0,0.63,0.7440000000000001,0.669,1003.0,0.27,80.0,0.022000000000000002,0.076,0.716,0.8109999999999999,0.573,0.62,0.941,6.0,1.5,USA,0.295,0.298,0.11199999999999999,0.044000000000000004,0.222,0.419,0.09699999999999999,6.3,1.9,51.0,60.3,0.29100000000000004,60.0,206.0,0.33,1.8,4.5,0.52,1.3,0.7240000000000001,97.0,134.0,0.22,1.2,2.9,0.32,0.8,1.15,7628.0,0.514,52.0,0.5579999999999999,0.44799999999999995,116.0,0.612,1242.0,0.52,109,43.4,39.6
32,34.0,Cameron Norrie ,59.0,0.525,0.617,0.621,288.0,0.064,201.0,0.044000000000000004,0.129,0.6559999999999999,0.69,0.479,0.55,0.767,6.5,2.5,GBR,0.37200000000000005,0.379,0.08,0.037000000000000005,0.293,0.501,0.22,6.5,2.4,66.0,102.9,0.418,152.0,364.0,0.53,2.5,6.2,1.06,2.6,0.628,272.0,433.0,0.63,3.0,7.3,1.13,2.7,0.97,8983.0,0.495,27.0,0.519,0.18899999999999997,143.0,0.503,1382.0,0.494,102,42.1,40.3
33,35.0,Alejandro Davidovich Fokina ,29.0,0.517,0.603,0.611,81.0,0.037000000000000005,82.0,0.037000000000000005,0.111,0.667,0.654,0.501,0.563,0.728,6.9,2.7,ESP,0.39399999999999996,0.39,0.049,0.037000000000000005,0.32299999999999995,0.532,0.27699999999999997,6.7,2.6,118.0,130.1,0.42700000000000005,91.0,213.0,0.65,3.1,7.3,1.32,3.1,0.596,130.0,218.0,0.67,3.2,7.5,1.28,3.0,0.99,4408.0,0.499,11.0,0.455,0.159,69.0,0.522,652.0,0.5,97,40.7,38.2
34,36.0,Borna Coric ,48.0,0.563,0.662,0.65,357.0,0.087,119.0,0.028999999999999998,0.078,0.626,0.738,0.534,0.579,0.833,6.3,2.1,CRO,0.35700000000000004,0.37200000000000005,0.098,0.033,0.278,0.48,0.19,6.5,2.3,57.0,70.5,0.375,124.0,331.0,0.51,2.5,6.9,0.93,2.6,0.644,197.0,306.0,0.47,2.3,6.4,0.82,2.3,1.05,8321.0,0.507,28.0,0.5,0.21100000000000002,133.0,0.534,1306.0,0.512,127,45.9,44.1
35,37.0,Marin Cilic ,41.0,0.537,0.649,0.647,396.0,0.107,205.0,0.055,0.132,0.581,0.7709999999999999,0.479,0.552,0.823,6.5,2.3,CRO,0.35600000000000004,0.375,0.11599999999999999,0.039,0.275,0.48700000000000004,0.18100000000000002,6.4,2.3,45.5,63.7,0.34700000000000003,101.0,291.0,0.52,2.6,7.1,0.9,2.5,0.65,186.0,286.0,0.51,2.6,7.0,0.89,2.4,1.01,7261.0,0.505,25.0,0.64,0.223,112.0,0.545,1124.0,0.504,128,46.8,43.4
36,38.0,Alexander Bublik ,43.0,0.512,0.635,0.627,660.0,0.179,346.0,0.094,0.22899999999999998,0.59,0.757,0.45899999999999996,0.595,0.795,6.5,2.4,KAZ,0.353,0.34600000000000003,0.055999999999999994,0.04,0.28,0.474,0.19,6.3,2.2,91.0,110.8,0.379,108.0,285.0,0.5,2.5,6.6,0.93,2.5,0.598,174.0,291.0,0.51,2.5,6.8,1.01,2.7,0.97,7266.0,0.496,24.0,0.583,0.207,116.0,0.491,1137.0,0.493,100,37.2,35.7
37,39.0,Albert Ramos ,64.0,0.578,0.63,0.63,186.0,0.04,115.0,0.025,0.069,0.636,0.688,0.527,0.5660000000000001,0.79,6.5,2.4,ESP,0.377,0.382,0.067,0.034,0.303,0.501,0.251,6.4,2.4,62.0,70.3,0.434,180.0,415.0,0.58,2.8,6.5,1.2,2.8,0.632,256.0,405.0,0.57,2.7,6.3,0.99,2.3,1.02,9172.0,0.504,28.0,0.46399999999999997,0.187,150.0,0.547,1426.0,0.518,105,44.9,44.0
38,40.0,Taylor Harry Fritz ,61.0,0.541,0.66,0.637,537.0,0.11699999999999999,140.0,0.031,0.07400000000000001,0.585,0.762,0.516,0.556,0.8420000000000001,6.3,2.1,USA,0.335,0.344,0.096,0.038,0.25,0.48,0.157,6.3,2.1,49.5,75.8,0.353,112.0,317.0,0.44,2.2,5.2,0.76,1.8,0.596,170.0,285.0,0.39,1.9,4.7,0.78,1.9,0.99,9074.0,0.5,29.0,0.621,0.19699999999999998,147.0,0.537,1440.0,0.502,92,38.3,37.2
39,41.0,Adrian Mannarino ,56.0,0.5,0.629,0.621,294.0,0.071,127.0,0.031,0.076,0.598,0.7020000000000001,0.52,0.563,0.777,6.4,2.4,FRA,0.37799999999999995,0.39,0.083,0.034,0.301,0.5,0.235,6.3,2.4,58.0,67.1,0.44,154.0,350.0,0.54,2.6,6.3,1.13,2.8,0.588,207.0,352.0,0.54,2.6,6.3,1.07,2.6,1.02,8282.0,0.504,23.0,0.391,0.16899999999999998,136.0,0.47100000000000003,1303.0,0.505,106,43.7,43.0
40,42.0,Dusan Lajovic ,48.0,0.43799999999999994,0.615,0.611,163.0,0.042,82.0,0.021,0.068,0.69,0.662,0.51,0.547,0.7559999999999999,6.6,2.5,SRB,0.369,0.369,0.067,0.039,0.28600000000000003,0.5,0.23199999999999998,6.2,2.3,71.0,71.2,0.435,138.0,317.0,0.53,2.6,6.6,1.14,2.9,0.603,219.0,363.0,0.62,3.0,7.6,1.19,3.0,0.96,7570.0,0.495,17.0,0.353,0.14,121.0,0.455,1184.0,0.49200000000000005,107,42.3,40.6
41,43.0,John Millman ,53.0,0.434,0.635,0.629,234.0,0.055,96.0,0.022000000000000002,0.057,0.608,0.6940000000000001,0.544,0.5770000000000001,0.7979999999999999,6.6,2.4,AUS,0.366,0.37799999999999995,0.095,0.038,0.278,0.515,0.21100000000000002,6.5,2.4,64.0,71.0,0.38299999999999995,136.0,355.0,0.55,2.6,6.7,1.0,2.6,0.634,227.0,358.0,0.55,2.6,6.8,0.96,2.5,1.0,8474.0,0.502,32.0,0.469,0.235,136.0,0.478,1296.0,0.505,110,43.0,41.4
42,44.0,Filip Krajinovic ,48.0,0.6459999999999999,0.637,0.625,241.0,0.061,72.0,0.018000000000000002,0.053,0.657,0.6970000000000001,0.521,0.551,0.79,6.3,2.3,SRB,0.397,0.41,0.086,0.038,0.312,0.522,0.273,6.5,2.6,47.0,64.4,0.434,171.0,394.0,0.63,3.1,8.2,1.35,3.6,0.609,206.0,338.0,0.54,2.7,7.0,1.04,2.8,1.09,8001.0,0.515,19.0,0.526,0.15,127.0,0.606,1255.0,0.532,114,43.1,41.0
43,45.0,Jan Lennard Struff ,62.0,0.5479999999999999,0.6679999999999999,0.6409999999999999,674.0,0.14,174.0,0.036000000000000004,0.081,0.555,0.789,0.518,0.564,0.847,6.2,2.1,GER,0.36200000000000004,0.371,0.08900000000000001,0.037000000000000005,0.28,0.496,0.19399999999999998,6.4,2.3,35.0,48.0,0.375,152.0,405.0,0.52,2.5,6.5,0.96,2.5,0.634,206.0,325.0,0.42,2.0,5.2,0.75,1.9,1.09,9839.0,0.512,29.0,0.483,0.182,159.0,0.541,1561.0,0.519,101,39.5,38.3
44,46.0,Benoit Paire ,65.0,0.5539999999999999,0.622,0.628,628.0,0.11599999999999999,425.0,0.079,0.163,0.518,0.775,0.457,0.546,0.7809999999999999,6.5,2.5,FRA,0.377,0.374,0.053,0.037000000000000005,0.313,0.491,0.225,6.5,2.5,66.0,65.7,0.387,187.0,483.0,0.58,2.9,7.4,1.11,2.9,0.617,291.0,472.0,0.57,2.8,7.3,1.07,2.8,1.0,10811.0,0.499,32.0,0.594,0.18899999999999997,169.0,0.5329999999999999,1656.0,0.502,103,39.7,37.2
45,47.0,Federico Delbonis ,43.0,0.465,0.616,0.631,160.0,0.045,181.0,0.051,0.135,0.619,0.68,0.511,0.591,0.759,6.5,2.5,ARG,0.37799999999999995,0.37200000000000005,0.053,0.040999999999999995,0.29100000000000004,0.523,0.243,6.5,2.5,70.0,90.5,0.402,133.0,331.0,0.6,3.0,7.7,1.21,3.1,0.574,175.0,305.0,0.56,2.8,7.1,1.18,3.0,0.98,7113.0,0.496,26.0,0.34600000000000003,0.23600000000000002,110.0,0.455,1088.0,0.499,117,45.7,42.4
46,48.0,Marton Fucsovics ,49.0,0.469,0.611,0.62,202.0,0.05,178.0,0.044000000000000004,0.10400000000000001,0.578,0.7,0.49,0.547,0.7490000000000001,6.5,2.5,HUN,0.391,0.385,0.042,0.037000000000000005,0.324,0.49200000000000005,0.249,6.7,2.6,50.0,56.7,0.359,159.0,443.0,0.69,3.4,9.0,1.21,3.2,0.579,216.0,373.0,0.6,2.8,7.6,1.2,3.2,1.01,8315.0,0.499,21.0,0.619,0.16,131.0,0.496,1265.0,0.496,119,44.3,41.9
47,49.0,Miomir Kecmanovic ,62.0,0.565,0.659,0.662,240.0,0.053,146.0,0.032,0.08199999999999999,0.603,0.725,0.5579999999999999,0.608,0.826,6.3,2.2,SRB,0.36,0.369,0.11,0.05,0.257,0.52,0.20800000000000002,6.3,2.3,72.0,99.8,0.401,148.0,369.0,0.52,2.5,6.0,1.01,2.4,0.624,206.0,330.0,0.46,2.2,5.3,0.84,2.0,1.06,9018.0,0.51,34.0,0.41200000000000003,0.231,147.0,0.537,1423.0,0.517,95,40.0,39.2
48,1.0,Novak Djokovic ,46.0,0.8909999999999999,0.674,0.674,278.0,0.078,137.0,0.038,0.107,0.643,0.754,0.529,0.593,0.861,6.2,2.0,SRB,0.433,0.442,0.07400000000000001,0.043,0.34600000000000003,0.578,0.33,6.9,3.0,29.0,44.0,0.435,183.0,421.0,0.76,3.5,9.2,1.5,4.0,0.6709999999999999,163.0,243.0,0.42,2.0,5.3,0.66,1.7,1.33,7423.0,0.5489999999999999,17.0,0.882,0.139,122.0,0.8109999999999999,1130.0,0.6,120,45.4,44.8
49,2.0,Daniil Medvedev ,38.0,0.737,0.6859999999999999,0.6679999999999999,355.0,0.126,99.0,0.035,0.09,0.608,0.779,0.542,0.595,0.863,5.9,1.9,RUS,0.40299999999999997,0.409,0.057,0.027999999999999997,0.314,0.563,0.275,6.6,2.7,45.5,51.1,0.415,130.0,313.0,0.66,3.1,8.2,1.29,3.4,0.637,114.0,179.0,0.38,1.8,4.7,0.64,1.7,1.28,5943.0,0.537,11.0,0.545,0.109,101.0,0.6729999999999999,946.0,0.569,111,41.7,42.5
50,3.0,Rafael Nadal ,34.0,0.794,0.6859999999999999,0.684,157.0,0.062,66.0,0.026000000000000002,0.07200000000000001,0.64,0.747,0.578,0.623,0.8740000000000001,6.1,1.9,ESP,0.42700000000000005,0.44299999999999995,0.077,0.032,0.35100000000000003,0.568,0.344,6.4,2.7,26.0,45.4,0.493,137.0,278.0,0.7,3.2,8.2,1.57,4.0,0.675,108.0,160.0,0.39,1.8,4.7,0.6,1.5,1.36,5089.0,0.556,16.0,0.5,0.184,87.0,0.77,812.0,0.615,124,48.4,49.6
51,4.0,Stefanos Tsitsipas ,45.0,0.6890000000000001,0.696,0.685,302.0,0.092,87.0,0.027000000000000003,0.076,0.65,0.763,0.5720000000000001,0.619,0.884,6.0,1.8,GRE,0.369,0.373,0.069,0.035,0.293,0.499,0.215,6.5,2.4,34.0,105.2,0.391,115.0,294.0,0.55,2.5,6.5,0.97,2.6,0.642,113.0,176.0,0.32,1.5,3.9,0.53,1.4,1.21,6732.0,0.528,25.0,0.52,0.212,118.0,0.669,1078.0,0.5529999999999999,106,40.4,42.5
52,5.0,Dominic Thiem ,34.0,0.735,0.659,0.654,244.0,0.071,101.0,0.028999999999999998,0.08,0.634,0.743,0.514,0.5589999999999999,0.845,6.4,2.2,AUT,0.387,0.395,0.063,0.027999999999999997,0.325,0.503,0.261,6.5,2.5,26.5,72.1,0.42100000000000004,138.0,328.0,0.62,3.1,9.6,1.29,4.1,0.657,159.0,242.0,0.45,2.3,7.1,0.78,2.4,1.13,6893.0,0.523,28.0,0.607,0.262,107.0,0.682,1064.0,0.555,152,48.2,44.9
53,6.0,Alexander Zverev ,39.0,0.718,0.669,0.6709999999999999,422.0,0.12300000000000001,220.0,0.064,0.203,0.6829999999999999,0.77,0.45,0.564,0.828,6.1,2.0,GER,0.39299999999999996,0.39,0.045,0.033,0.327,0.508,0.27,6.5,2.6,41.0,51.8,0.435,153.0,352.0,0.62,3.0,9.0,1.32,3.9,0.608,149.0,245.0,0.44,2.1,6.3,0.83,2.5,1.19,7127.0,0.525,20.0,0.55,0.172,116.0,0.664,1126.0,0.547,130,43.8,42.8
54,7.0,Andrey Rublev ,51.0,0.804,0.688,0.665,411.0,0.11,76.0,0.02,0.05,0.596,0.79,0.539,0.5670000000000001,0.862,5.9,1.8,RUS,0.40299999999999997,0.419,0.09,0.038,0.321,0.535,0.287,6.6,2.6,43.0,54.3,0.444,180.0,405.0,0.64,3.1,7.9,1.36,3.5,0.637,153.0,240.0,0.38,1.8,4.7,0.66,1.7,1.29,7847.0,0.539,21.0,0.524,0.159,132.0,0.727,1258.0,0.575,103,39.8,40.1
55,8.0,Roger Federer ,6.0,0.833,0.67,0.648,66.0,0.09699999999999999,13.0,0.019,0.055999999999999994,0.66,0.742,0.53,0.562,0.86,6.4,2.1,SUI,0.385,0.406,0.084,0.022000000000000002,0.32299999999999995,0.496,0.245,6.4,2.5,57.0,55.3,0.4,26.0,65.0,0.61,2.8,10.8,1.13,4.3,0.674,31.0,46.0,0.43,2.0,7.7,0.65,2.5,1.17,1362.0,0.528,4.0,0.75,0.174,23.0,0.652,213.0,0.5539999999999999,149,39.0,39.5
56,9.0,Matteo Berrettini ,15.0,0.6,0.715,0.6990000000000001,152.0,0.11199999999999999,34.0,0.025,0.065,0.615,0.8059999999999999,0.5710000000000001,0.61,0.909,5.9,1.7,ITA,0.35700000000000004,0.358,0.063,0.034,0.281,0.48200000000000004,0.183,6.5,2.3,90.0,85.2,0.313,42.0,134.0,0.58,2.9,8.9,0.91,2.8,0.677,44.0,65.0,0.28,1.4,4.3,0.46,1.4,1.25,2865.0,0.527,11.0,0.455,0.239,46.0,0.63,462.0,0.5479999999999999,136,44.2,42.6
57,10.0,Roberto Bautista Agut ,28.0,0.7140000000000001,0.6409999999999999,0.6409999999999999,97.0,0.040999999999999995,54.0,0.023,0.07,0.6709999999999999,0.6809999999999999,0.561,0.603,0.794,6.4,2.3,ESP,0.42700000000000005,0.452,0.095,0.032,0.331,0.581,0.342,6.8,2.9,47.0,77.8,0.42100000000000004,125.0,297.0,0.81,3.7,10.6,1.56,4.5,0.631,130.0,206.0,0.56,2.6,7.4,0.95,2.7,1.19,4841.0,0.531,9.0,0.667,0.113,80.0,0.675,734.0,0.569,129,45.1,44.7
58,11.0,Diego Sebastian Schwartzman ,40.0,0.625,0.594,0.609,56.0,0.017,119.0,0.036000000000000004,0.09699999999999999,0.627,0.649,0.5,0.5539999999999999,0.7170000000000001,6.6,2.7,ARG,0.433,0.44,0.064,0.037000000000000005,0.345,0.5710000000000001,0.349,6.6,2.8,39.0,47.5,0.467,175.0,375.0,0.75,3.5,9.4,1.64,4.4,0.568,187.0,329.0,0.66,3.1,8.2,1.33,3.6,1.06,6598.0,0.513,15.0,0.667,0.14,107.0,0.598,1003.0,0.5329999999999999,127,47.5,46.2
59,12.0,Denis Shapovalov ,32.0,0.531,0.65,0.6559999999999999,307.0,0.106,189.0,0.065,0.165,0.604,0.753,0.493,0.59,0.823,6.3,2.2,CAN,0.371,0.361,0.045,0.04,0.299,0.49200000000000005,0.223,6.5,2.4,40.5,62.9,0.364,103.0,283.0,0.61,3.0,8.8,1.11,3.2,0.642,145.0,226.0,0.49,2.4,7.1,0.87,2.5,1.06,5893.0,0.508,17.0,0.41200000000000003,0.183,93.0,0.5479999999999999,919.0,0.522,137,47.3,44.8
60,13.0,Pablo Carreno Busta ,31.0,0.645,0.638,0.628,153.0,0.059000000000000004,50.0,0.019,0.06,0.679,0.6970000000000001,0.512,0.545,0.797,6.3,2.3,ESP,0.37799999999999995,0.39399999999999996,0.094,0.034,0.284,0.525,0.259,6.3,2.4,37.0,57.7,0.38299999999999995,106.0,277.0,0.68,3.1,8.9,1.19,3.4,0.627,141.0,225.0,0.54,2.5,7.3,0.94,2.7,1.04,5173.0,0.508,10.0,0.6,0.11199999999999999,89.0,0.607,823.0,0.529,120,41.7,43.0
61,14.0,Casper Ruud ,36.0,0.639,0.662,0.659,142.0,0.052000000000000005,61.0,0.023,0.069,0.672,0.7140000000000001,0.556,0.597,0.846,6.2,2.1,NOR,0.375,0.387,0.085,0.034,0.29,0.51,0.24,6.5,2.4,44.0,61.1,0.358,103.0,288.0,0.67,3.1,8.0,1.11,2.9,0.638,118.0,185.0,0.42,2.0,5.1,0.72,1.9,1.11,5510.0,0.517,13.0,0.308,0.14,93.0,0.591,866.0,0.545,112,43.4,44.0
62,15.0,Alex De Minaur ,19.0,0.474,0.612,0.618,64.0,0.037000000000000005,54.0,0.032,0.081,0.611,0.69,0.491,0.534,0.7490000000000001,6.9,2.7,AUS,0.391,0.391,0.063,0.04,0.318,0.521,0.251,7.1,2.8,44.0,49.5,0.428,62.0,145.0,0.59,2.7,7.6,1.17,3.3,0.613,98.0,160.0,0.65,3.0,8.4,1.17,3.3,1.01,3456.0,0.501,10.0,0.4,0.18899999999999997,53.0,0.528,494.0,0.5,130,46.7,43.0
63,16.0,David Goffin ,22.0,0.545,0.61,0.612,129.0,0.063,91.0,0.044000000000000004,0.10800000000000001,0.59,0.7120000000000001,0.46299999999999997,0.519,0.76,6.8,2.6,BEL,0.39399999999999996,0.40399999999999997,0.081,0.038,0.304,0.536,0.261,6.5,2.6,50.0,58.1,0.423,80.0,189.0,0.62,3.0,8.6,1.29,3.6,0.588,104.0,177.0,0.58,2.9,8.0,1.18,3.3,1.01,4052.0,0.503,14.0,0.643,0.226,62.0,0.532,610.0,0.51,129,45.8,42.0
64,17.0,Gael Monfils ,23.0,0.696,0.64,0.642,148.0,0.087,89.0,0.052000000000000005,0.163,0.6779999999999999,0.718,0.473,0.5660000000000001,0.82,6.5,2.3,FRA,0.39899999999999997,0.39399999999999996,0.044000000000000004,0.038,0.3,0.55,0.272,6.5,2.6,52.5,66.0,0.40399999999999997,69.0,171.0,0.67,3.1,7.4,1.25,3.0,0.633,81.0,128.0,0.49,2.3,5.6,0.85,2.0,1.11,3354.0,0.521,6.0,0.833,0.109,55.0,0.6729999999999999,515.0,0.55,100,41.6,40.9
65,18.0,Hubert Hurkacz ,28.0,0.536,0.627,0.618,232.0,0.095,107.0,0.044000000000000004,0.10800000000000001,0.595,0.738,0.46399999999999997,0.52,0.777,6.8,2.5,POL,0.371,0.36200000000000004,0.062,0.049,0.28,0.51,0.233,6.6,2.4,49.5,73.6,0.418,84.0,201.0,0.56,2.6,7.2,1.11,3.0,0.593,118.0,199.0,0.55,2.6,7.1,1.07,2.9,0.99,4817.0,0.501,12.0,0.5,0.158,76.0,0.526,723.0,0.506,119,44.0,41.7
66,19.0,Felix Auger Aliassime ,42.0,0.5479999999999999,0.6579999999999999,0.655,362.0,0.114,175.0,0.055,0.151,0.637,0.748,0.501,0.59,0.825,6.3,2.2,CAN,0.35700000000000004,0.354,0.052000000000000005,0.033,0.292,0.457,0.19,6.5,2.3,55.5,73.0,0.34700000000000003,94.0,271.0,0.55,2.7,6.5,0.92,2.2,0.6629999999999999,173.0,261.0,0.52,2.6,6.2,0.86,2.1,1.04,6399.0,0.507,23.0,0.609,0.225,102.0,0.529,999.0,0.51,115,47.5,45.5
67,20.0,Christian Garin ,30.0,0.6,0.615,0.626,142.0,0.055999999999999994,129.0,0.051,0.131,0.614,0.701,0.478,0.55,0.7490000000000001,6.4,2.5,CHI,0.392,0.39299999999999996,0.07,0.044000000000000004,0.31,0.519,0.261,6.6,2.6,80.0,74.4,0.40299999999999997,104.0,258.0,0.65,3.1,8.6,1.24,3.5,0.556,125.0,225.0,0.57,2.7,7.5,1.19,3.3,1.02,5175.0,0.501,10.0,0.6,0.11900000000000001,84.0,0.5479999999999999,797.0,0.504,123,44.1,42.9
68,21.0,Grigor Dimitrov ,27.0,0.63,0.627,0.643,117.0,0.049,125.0,0.053,0.142,0.628,0.6990000000000001,0.505,0.588,0.794,6.6,2.5,BUL,0.408,0.40700000000000003,0.044000000000000004,0.031,0.33,0.528,0.292,6.5,2.7,46.0,51.0,0.442,103.0,233.0,0.66,3.1,8.6,1.37,3.8,0.659,143.0,217.0,0.6,2.9,8.0,0.99,2.7,1.09,4678.0,0.519,14.0,0.5,0.187,75.0,0.627,713.0,0.546,125,45.0,43.3
69,22.0,Milos Raonic ,31.0,0.677,0.7240000000000001,0.688,493.0,0.22399999999999998,106.0,0.048,0.132,0.635,0.825,0.55,0.634,0.9359999999999999,5.9,1.6,CAN,0.353,0.355,0.068,0.035,0.276,0.48200000000000004,0.185,6.4,2.3,52.0,61.3,0.37200000000000005,68.0,183.0,0.5,2.4,5.9,0.91,2.2,0.76,76.0,100.0,0.27,1.3,3.2,0.32,0.8,1.28,4548.0,0.5329999999999999,19.0,0.579,0.253,75.0,0.7070000000000001,740.0,0.564,108,44.7,44.2
70,23.0,Jannik Sinner ,31.0,0.613,0.627,0.629,104.0,0.040999999999999995,70.0,0.027999999999999997,0.071,0.609,0.713,0.494,0.532,0.795,6.6,2.5,ITA,0.40700000000000003,0.408,0.055,0.035,0.33399999999999996,0.519,0.282,6.6,2.7,42.5,58.4,0.462,108.0,234.0,0.61,2.9,7.5,1.33,3.5,0.6409999999999999,141.0,220.0,0.57,2.7,7.1,0.98,2.5,1.09,5040.0,0.517,12.0,0.5,0.14800000000000002,81.0,0.617,768.0,0.539,115,44.0,42.4
71,24.0,Aslan Karatsev ,13.0,0.615,0.633,0.648,58.0,0.061,54.0,0.057,0.13,0.56,0.7240000000000001,0.517,0.594,0.8079999999999999,6.5,2.4,RUS,0.4,0.402,0.055,0.033,0.306,0.541,0.28800000000000003,6.4,2.5,149.0,226.1,0.47700000000000004,42.0,88.0,0.6,2.9,6.8,1.4,3.2,0.667,56.0,84.0,0.58,2.8,6.5,0.93,2.2,1.09,1873.0,0.517,4.0,0.75,0.133,30.0,0.633,292.0,0.5479999999999999,103,44.6,42.8
72,25.0,Ugo Humbert ,32.0,0.594,0.66,0.653,217.0,0.08800000000000001,91.0,0.037000000000000005,0.099,0.627,0.75,0.508,0.564,0.8290000000000001,6.3,2.1,FRA,0.354,0.364,0.08,0.03,0.287,0.474,0.19899999999999998,6.4,2.2,44.5,66.4,0.349,76.0,218.0,0.57,2.7,6.8,0.95,2.4,0.662,131.0,198.0,0.51,2.5,6.2,0.84,2.1,1.04,4887.0,0.508,17.0,0.647,0.213,80.0,0.575,773.0,0.517,113,45.0,44.2
73,26.0,Daniel Evans ,30.0,0.5329999999999999,0.621,0.621,109.0,0.044000000000000004,66.0,0.027000000000000003,0.067,0.603,0.693,0.513,0.55,0.77,6.6,2.5,GBR,0.387,0.395,0.071,0.033,0.315,0.505,0.255,6.4,2.5,30.5,44.2,0.425,97.0,228.0,0.6,2.9,7.6,1.24,3.2,0.584,122.0,209.0,0.55,2.7,7.0,1.12,2.9,1.02,4901.0,0.505,12.0,0.5,0.154,78.0,0.513,759.0,0.511,124,47.6,45.4
74,27.0,Lorenzo Sonego ,28.0,0.46399999999999997,0.643,0.636,137.0,0.063,55.0,0.025,0.07,0.6409999999999999,0.723,0.5,0.5379999999999999,0.81,6.5,2.3,ITA,0.35,0.34299999999999997,0.044000000000000004,0.035,0.278,0.467,0.18600000000000003,6.4,2.2,34.0,62.8,0.38299999999999995,62.0,162.0,0.49,2.3,5.8,0.9,2.2,0.63,109.0,173.0,0.51,2.5,6.2,0.93,2.3,0.98,4311.0,0.498,16.0,0.5,0.23199999999999998,69.0,0.478,670.0,0.5,116,47.1,45.2
75,28.0,Nikoloz Basilashvili ,19.0,0.263,0.564,0.578,75.0,0.053,88.0,0.063,0.142,0.56,0.665,0.435,0.508,0.6629999999999999,6.9,3.0,GEO,0.33799999999999997,0.359,0.105,0.027000000000000003,0.265,0.46799999999999997,0.15,6.3,2.1,51.0,126.5,0.26899999999999996,32.0,119.0,0.56,2.5,6.3,0.67,1.7,0.584,97.0,166.0,0.81,3.5,8.7,1.44,3.6,0.78,2764.0,0.45299999999999996,5.0,0.2,0.10400000000000001,48.0,0.271,419.0,0.401,96,38.0,39.6
76,29.0,Karen Khachanov ,33.0,0.5760000000000001,0.644,0.635,226.0,0.078,86.0,0.03,0.084,0.644,0.721,0.506,0.5529999999999999,0.8009999999999999,6.2,2.2,RUS,0.382,0.39,0.067,0.03,0.287,0.5379999999999999,0.237,6.5,2.5,34.0,59.6,0.46399999999999997,109.0,235.0,0.51,2.4,7.1,1.14,3.3,0.598,137.0,229.0,0.5,2.4,6.9,0.96,2.8,1.08,5879.0,0.511,19.0,0.632,0.198,96.0,0.573,922.0,0.52,125,43.1,42.2
77,30.0,Stanislas Wawrinka ,23.0,0.652,0.6609999999999999,0.633,225.0,0.11,39.0,0.019,0.048,0.601,0.753,0.523,0.5489999999999999,0.831,6.2,2.1,SUI,0.369,0.374,0.055999999999999994,0.025,0.297,0.49700000000000005,0.207,6.4,2.3,55.0,68.1,0.37,67.0,181.0,0.56,2.6,7.9,0.97,2.9,0.648,103.0,159.0,0.48,2.3,6.9,0.81,2.4,1.09,4111.0,0.515,10.0,0.6,0.145,69.0,0.58,656.0,0.523,123,41.1,41.4
78,31.0,Fabio Fognini ,15.0,0.33299999999999996,0.619,0.626,76.0,0.055,60.0,0.043,0.1,0.563,0.6990000000000001,0.516,0.573,0.747,6.2,2.4,ITA,0.35100000000000003,0.379,0.109,0.022000000000000002,0.289,0.469,0.183,6.2,2.2,42.0,64.6,0.426,40.0,94.0,0.43,2.1,6.3,0.89,2.7,0.5760000000000001,76.0,132.0,0.6,2.9,8.8,1.24,3.7,0.92,2744.0,0.486,10.0,0.6,0.222,45.0,0.4,440.0,0.466,131,43.7,43.0
79,32.0,Reilly Opelka ,21.0,0.619,0.711,0.65,375.0,0.22899999999999998,49.0,0.03,0.085,0.647,0.8109999999999999,0.528,0.5770000000000001,0.914,6.1,1.8,USA,0.29,0.287,0.076,0.035,0.235,0.389,0.135,5.8,1.7,63.0,91.5,0.387,36.0,93.0,0.35,1.8,4.4,0.69,1.7,0.685,50.0,73.0,0.27,1.4,3.5,0.44,1.1,1.0,3180.0,0.507,13.0,0.462,0.25,52.0,0.615,535.0,0.527,100,40.3,39.5
80,33.0,John Isner ,20.0,0.5,0.715,0.657,425.0,0.23600000000000002,64.0,0.036000000000000004,0.127,0.7190000000000001,0.7809999999999999,0.547,0.626,0.92,6.3,1.8,USA,0.276,0.27899999999999997,0.087,0.03,0.201,0.409,0.08199999999999999,6.1,1.7,63.5,85.7,0.289,24.0,83.0,0.29,1.5,4.2,0.44,1.2,0.772,78.0,101.0,0.35,1.8,5.1,0.42,1.2,0.97,3571.0,0.49700000000000005,24.0,0.625,0.436,55.0,0.527,578.0,0.498,119,43.2,39.9
81,34.0,Cameron Norrie ,26.0,0.462,0.61,0.614,140.0,0.068,102.0,0.049,0.146,0.664,0.664,0.504,0.59,0.728,6.3,2.4,GBR,0.391,0.40299999999999997,0.07400000000000001,0.028999999999999998,0.319,0.501,0.261,6.5,2.5,99.0,154.2,0.41600000000000004,87.0,209.0,0.63,3.0,8.0,1.24,3.3,0.593,131.0,221.0,0.67,3.2,8.5,1.29,3.5,1.0,4246.0,0.498,7.0,0.28600000000000003,0.1,70.0,0.47100000000000003,664.0,0.494,114,42.4,41.9
82,35.0,Alejandro Davidovich Fokina ,32.0,0.594,0.594,0.606,59.0,0.022000000000000002,89.0,0.034,0.09699999999999999,0.655,0.6459999999999999,0.495,0.5489999999999999,0.703,6.8,2.7,ESP,0.418,0.426,0.065,0.034,0.349,0.522,0.326,7.0,2.9,74.0,90.2,0.43,126.0,293.0,0.76,3.3,9.2,1.4,3.9,0.5770000000000001,158.0,274.0,0.7,3.0,8.6,1.29,3.6,1.03,5347.0,0.505,9.0,0.556,0.1,90.0,0.544,778.0,0.515,114,40.7,41.1
83,36.0,Borna Coric ,28.0,0.5710000000000001,0.64,0.627,179.0,0.076,56.0,0.024,0.065,0.634,0.723,0.49700000000000005,0.532,0.7879999999999999,7.0,2.5,CRO,0.361,0.36700000000000005,0.08800000000000001,0.04,0.268,0.51,0.24,6.7,2.4,41.0,51.5,0.43200000000000005,80.0,185.0,0.55,2.5,6.6,1.1,2.9,0.624,118.0,189.0,0.56,2.6,6.8,0.97,2.5,1.0,4585.0,0.504,17.0,0.47100000000000003,0.233,73.0,0.534,669.0,0.514,127,48.8,46.6
84,37.0,Marin Cilic ,28.0,0.5710000000000001,0.675,0.6579999999999999,292.0,0.12,90.0,0.037000000000000005,0.09300000000000001,0.603,0.772,0.527,0.5820000000000001,0.847,6.2,2.0,CRO,0.361,0.377,0.10099999999999999,0.035,0.273,0.49700000000000005,0.188,6.5,2.4,70.0,89.8,0.361,74.0,205.0,0.52,2.5,7.3,0.91,2.6,0.688,132.0,192.0,0.49,2.4,6.9,0.74,2.1,1.11,5000.0,0.514,19.0,0.474,0.235,81.0,0.519,786.0,0.518,132,45.6,44.3
85,38.0,Alexander Bublik ,34.0,0.5,0.632,0.628,313.0,0.121,170.0,0.066,0.156,0.5770000000000001,0.762,0.45399999999999996,0.5379999999999999,0.7929999999999999,6.4,2.3,KAZ,0.353,0.349,0.052000000000000005,0.034,0.28600000000000003,0.466,0.17,6.5,2.3,43.5,72.8,0.318,69.0,217.0,0.53,2.7,6.4,0.85,2.0,0.628,142.0,226.0,0.56,2.8,6.6,1.04,2.5,0.96,5224.0,0.491,16.0,0.688,0.198,81.0,0.469,811.0,0.48100000000000004,98,41.3,38.4
86,39.0,Albert Ramos ,23.0,0.391,0.603,0.612,51.0,0.027000000000000003,59.0,0.031,0.08,0.615,0.6509999999999999,0.528,0.574,0.7509999999999999,6.8,2.7,ESP,0.373,0.37,0.071,0.046,0.297,0.49200000000000005,0.226,6.6,2.5,81.0,108.8,0.409,63.0,154.0,0.55,2.7,6.7,1.09,2.7,0.637,123.0,193.0,0.69,3.3,8.4,1.21,3.0,0.94,3773.0,0.49,15.0,0.267,0.259,58.0,0.44799999999999995,560.0,0.489,125,49.7,45.8
87,40.0,Taylor Harry Fritz ,29.0,0.517,0.6729999999999999,0.638,332.0,0.14300000000000002,61.0,0.026000000000000002,0.066,0.602,0.779,0.512,0.5479999999999999,0.838,6.1,2.0,USA,0.365,0.371,0.08900000000000001,0.043,0.27699999999999997,0.519,0.207,6.6,2.4,60.0,104.2,0.332,78.0,235.0,0.63,3.0,8.1,0.99,2.7,0.61,97.0,159.0,0.42,2.0,5.5,0.78,2.1,1.12,4802.0,0.514,14.0,0.28600000000000003,0.177,79.0,0.519,758.0,0.525,110,40.5,40.0
88,41.0,Adrian Mannarino ,31.0,0.452,0.62,0.619,157.0,0.062,91.0,0.036000000000000004,0.085,0.579,0.708,0.499,0.545,0.762,6.6,2.5,FRA,0.381,0.385,0.076,0.040999999999999995,0.301,0.508,0.23399999999999999,6.4,2.4,46.0,71.5,0.4,92.0,230.0,0.58,2.8,7.4,1.12,3.0,0.605,141.0,233.0,0.6,2.8,7.5,1.12,3.0,1.0,5070.0,0.501,15.0,0.5329999999999999,0.183,82.0,0.47600000000000003,781.0,0.496,122,46.2,44.9
89,42.0,Dusan Lajovic ,30.0,0.5,0.629,0.625,115.0,0.049,54.0,0.023,0.07,0.6729999999999999,0.6809999999999999,0.523,0.563,0.763,6.5,2.4,SRB,0.375,0.377,0.061,0.035,0.314,0.484,0.218,6.6,2.5,57.5,58.2,0.359,79.0,220.0,0.61,3.0,7.3,1.07,2.6,0.568,113.0,199.0,0.55,2.7,6.6,1.16,2.9,1.01,4747.0,0.501,18.0,0.556,0.243,74.0,0.486,725.0,0.491,113,45.7,42.7
90,43.0,John Millman ,33.0,0.606,0.636,0.632,165.0,0.054000000000000006,75.0,0.025,0.062,0.602,0.7070000000000001,0.529,0.564,0.7929999999999999,6.5,2.4,AUS,0.381,0.385,0.078,0.042,0.29,0.527,0.233,6.6,2.5,61.0,93.4,0.377,107.0,284.0,0.62,3.1,8.6,1.15,3.2,0.6509999999999999,179.0,275.0,0.59,3.0,8.3,1.03,2.9,1.05,6063.0,0.509,23.0,0.522,0.247,93.0,0.57,924.0,0.514,138,49.1,45.1
91,44.0,Filip Krajinovic ,28.0,0.5710000000000001,0.619,0.612,120.0,0.052000000000000005,48.0,0.021,0.06,0.654,0.684,0.49700000000000005,0.529,0.772,6.8,2.6,SRB,0.39899999999999997,0.423,0.11900000000000001,0.045,0.297,0.563,0.27399999999999997,6.7,2.7,68.0,68.3,0.442,92.0,208.0,0.62,3.0,7.4,1.31,3.3,0.682,165.0,242.0,0.72,3.5,8.6,1.1,2.8,1.05,4541.0,0.511,13.0,0.385,0.18600000000000003,70.0,0.557,674.0,0.524,111,44.5,41.1
92,45.0,Jan Lennard Struff ,32.0,0.531,0.6459999999999999,0.619,312.0,0.133,90.0,0.038,0.087,0.5579999999999999,0.7659999999999999,0.494,0.541,0.813,6.3,2.2,GER,0.376,0.381,0.083,0.042,0.289,0.524,0.237,6.4,2.4,47.5,74.9,0.386,90.0,233.0,0.61,2.9,7.3,1.13,2.8,0.622,115.0,185.0,0.49,2.3,5.8,0.88,2.2,1.06,4784.0,0.508,12.0,0.33299999999999996,0.15,80.0,0.5379999999999999,755.0,0.523,99,39.7,39.8
93,46.0,Benoit Paire ,23.0,0.435,0.609,0.609,236.0,0.115,151.0,0.073,0.16,0.541,0.754,0.439,0.523,0.748,6.6,2.6,FRA,0.371,0.37200000000000005,0.065,0.036000000000000004,0.29600000000000004,0.506,0.23600000000000002,6.5,2.4,77.0,75.0,0.376,74.0,197.0,0.63,3.0,8.6,1.12,3.2,0.605,121.0,200.0,0.64,3.0,8.7,1.2,3.4,0.95,4103.0,0.491,15.0,0.267,0.22699999999999998,66.0,0.439,627.0,0.491,113,39.3,37.9
94,47.0,Federico Delbonis ,27.0,0.519,0.616,0.628,110.0,0.05,107.0,0.049,0.128,0.62,0.6990000000000001,0.48,0.551,0.759,6.6,2.5,ARG,0.375,0.365,0.047,0.043,0.294,0.506,0.21100000000000002,6.8,2.5,77.0,82.9,0.361,70.0,194.0,0.59,2.9,7.2,1.06,2.6,0.624,133.0,213.0,0.64,3.2,7.9,1.21,3.0,0.98,4441.0,0.494,16.0,0.75,0.242,66.0,0.515,663.0,0.486,118,48.3,43.1
95,48.0,Marton Fucsovics ,34.0,0.6759999999999999,0.619,0.619,139.0,0.049,86.0,0.03,0.073,0.584,0.691,0.518,0.5579999999999999,0.7659999999999999,6.4,2.4,HUN,0.41100000000000003,0.408,0.038,0.031,0.345,0.518,0.304,6.6,2.7,76.5,107.3,0.44,135.0,307.0,0.69,3.2,9.0,1.42,4.0,0.5820000000000001,145.0,249.0,0.56,2.6,7.3,1.09,3.1,1.08,5773.0,0.513,13.0,0.462,0.13699999999999998,95.0,0.6,889.0,0.535,126,44.9,44.4
96,49.0,Miomir Kecmanovic ,29.0,0.586,0.625,0.622,147.0,0.069,79.0,0.037000000000000005,0.085,0.569,0.7120000000000001,0.51,0.557,0.748,7.1,2.7,SRB,0.375,0.382,0.078,0.037000000000000005,0.289,0.505,0.263,7.1,2.7,63.0,65.3,0.402,78.0,194.0,0.65,2.7,6.7,1.1,2.7,0.616,122.0,198.0,0.66,2.8,6.8,1.07,2.6,1.0,4252.0,0.501,8.0,0.5,0.113,71.0,0.507,599.0,0.508,97,39.6,39.6
97,50.0,Sebastian Korda ,11.0,0.727,0.637,0.631,54.0,0.057,23.0,0.024,0.078,0.685,0.684,0.534,0.579,0.7879999999999999,6.2,2.3,USA,0.40299999999999997,0.401,0.055999999999999994,0.040999999999999995,0.342,0.501,0.3,6.1,2.5,98.0,88.4,0.433,45.0,104.0,0.69,3.2,9.5,1.36,4.1,0.614,51.0,83.0,0.55,2.5,7.5,0.97,2.9,1.11,1862.0,0.521,1.0,0.0,0.03,33.0,0.636,301.0,0.545,116,38.8,41.3
98,1.0,Novak Djokovic ,30.0,0.9,0.674,0.67,209.0,0.078,85.0,0.032,0.092,0.6579999999999999,0.737,0.5529999999999999,0.609,0.855,6.2,2.0,SRB,0.439,0.45399999999999996,0.07200000000000001,0.032,0.371,0.547,0.36,6.9,3.0,33.0,57.2,0.456,152.0,333.0,0.79,3.7,11.1,1.67,5.1,0.6459999999999999,115.0,178.0,0.41,2.0,5.9,0.69,2.1,1.35,5577.0,0.552,15.0,0.467,0.165,91.0,0.769,857.0,0.611,142,46.8,45.8
99,2.0,Daniil Medvedev ,33.0,0.7879999999999999,0.6779999999999999,0.6679999999999999,290.0,0.12,108.0,0.045,0.11699999999999999,0.617,0.779,0.517,0.585,0.8590000000000001,5.9,1.9,RUS,0.415,0.414,0.044000000000000004,0.032,0.34600000000000003,0.531,0.307,6.5,2.7,35.0,79.8,0.451,125.0,277.0,0.68,3.2,8.4,1.44,3.8,0.618,94.0,152.0,0.37,1.7,4.6,0.67,1.8,1.29,5054.0,0.541,7.0,0.28600000000000003,0.08,87.0,0.7240000000000001,817.0,0.584,106,40.1,41.4
100,3.0,Rafael Nadal ,27.0,0.852,0.6609999999999999,0.6679999999999999,100.0,0.047,74.0,0.035,0.09699999999999999,0.645,0.726,0.542,0.6,0.8340000000000001,6.1,2.1,ESP,0.43700000000000006,0.44299999999999995,0.062,0.039,0.349,0.575,0.37,6.5,2.8,19.0,42.3,0.44299999999999995,125.0,282.0,0.83,3.8,10.4,1.67,4.6,0.655,110.0,168.0,0.48,2.2,6.2,0.77,2.1,1.29,4322.0,0.5479999999999999,5.0,0.4,0.067,75.0,0.787,688.0,0.606,135,48.5,50.4
101,4.0,Stefanos Tsitsipas ,48.0,0.813,0.6920000000000001,0.6859999999999999,255.0,0.069,85.0,0.023,0.064,0.637,0.757,0.58,0.619,0.885,6.0,1.9,GRE,0.397,0.39799999999999996,0.054000000000000006,0.034,0.319,0.532,0.276,6.4,2.5,30.0,43.1,0.444,163.0,367.0,0.62,2.9,7.6,1.3,3.4,0.6709999999999999,143.0,213.0,0.35,1.7,4.4,0.56,1.5,1.29,7451.0,0.542,15.0,0.667,0.12,125.0,0.7440000000000001,1199.0,0.585,115,44.3,44.6
102,5.0,Dominic Thiem ,18.0,0.5,0.649,0.648,80.0,0.055999999999999994,41.0,0.028999999999999998,0.08,0.64,0.725,0.514,0.5579999999999999,0.802,6.3,2.2,AUT,0.375,0.38299999999999995,0.076,0.033,0.294,0.519,0.23600000000000002,6.3,2.4,43.0,44.5,0.405,53.0,131.0,0.58,2.7,7.3,1.1,2.9,0.648,83.0,128.0,0.56,2.7,7.1,0.94,2.5,1.07,2851.0,0.512,7.0,0.5710000000000001,0.146,48.0,0.521,452.0,0.52,118,44.2,44.7
103,6.0,Alexander Zverev ,34.0,0.706,0.667,0.67,301.0,0.10800000000000001,159.0,0.057,0.165,0.653,0.754,0.503,0.602,0.826,6.1,2.0,GER,0.408,0.402,0.045,0.04,0.33399999999999996,0.535,0.293,6.9,2.8,43.0,51.8,0.409,132.0,323.0,0.72,3.4,9.5,1.4,3.9,0.599,118.0,197.0,0.43,2.1,5.8,0.84,2.3,1.23,5874.0,0.531,17.0,0.647,0.18100000000000002,94.0,0.691,905.0,0.56,127,45.8,44.0
104,7.0,Andrey Rublev ,43.0,0.767,0.675,0.659,267.0,0.086,64.0,0.021,0.05,0.588,0.77,0.5379999999999999,0.5660000000000001,0.872,6.2,2.0,RUS,0.4,0.41100000000000003,0.086,0.042,0.313,0.539,0.265,6.6,2.7,42.0,48.9,0.447,132.0,295.0,0.59,2.8,6.9,1.27,3.1,0.6609999999999999,127.0,192.0,0.38,1.8,4.5,0.63,1.5,1.23,6424.0,0.534,19.0,0.526,0.183,104.0,0.7120000000000001,1005.0,0.57,101,41.7,40.5
105,8.0,Roger Federer ,8.0,0.625,0.674,0.648,67.0,0.085,4.0,0.005,0.015,0.672,0.726,0.568,0.5760000000000001,0.865,6.3,2.0,SUI,0.337,0.349,0.092,0.031,0.275,0.44799999999999995,0.165,6.3,2.1,47.0,63.9,0.344,21.0,61.0,0.48,2.4,7.6,0.84,2.6,0.66,33.0,50.0,0.4,2.0,6.3,0.68,2.1,1.04,1595.0,0.504,6.0,0.833,0.24,25.0,0.64,253.0,0.514,128,41.0,38.6
106,9.0,Matteo Berrettini ,32.0,0.813,0.71,0.68,313.0,0.133,43.0,0.018000000000000002,0.053,0.657,0.804,0.53,0.5589999999999999,0.903,6.0,1.7,ITA,0.379,0.375,0.048,0.035,0.319,0.484,0.22699999999999998,6.6,2.5,31.5,68.0,0.384,88.0,229.0,0.59,2.9,7.2,1.1,2.8,0.696,87.0,125.0,0.32,1.6,3.9,0.48,1.2,1.31,4911.0,0.537,16.0,0.75,0.2,80.0,0.75,781.0,0.5670000000000001,109,43.8,42.8
107,10.0,Roberto Bautista Agut ,35.0,0.5710000000000001,0.6509999999999999,0.648,106.0,0.042,48.0,0.019,0.057999999999999996,0.672,0.7020000000000001,0.545,0.578,0.8029999999999999,6.1,2.1,ESP,0.387,0.41700000000000004,0.11900000000000001,0.034,0.287,0.545,0.248,6.4,2.5,40.5,54.8,0.446,104.0,233.0,0.56,2.7,6.7,1.22,3.0,0.59,118.0,200.0,0.48,2.4,5.7,0.96,2.3,1.11,5235.0,0.515,14.0,0.35700000000000004,0.165,85.0,0.5529999999999999,836.0,0.525,108,44.3,43.2
108,11.0,Diego Sebastian Schwartzman ,27.0,0.593,0.604,0.622,35.0,0.017,77.0,0.038,0.10800000000000001,0.645,0.652,0.518,0.581,0.74,6.3,2.5,ARG,0.439,0.44299999999999995,0.059000000000000004,0.039,0.38299999999999995,0.537,0.37200000000000005,6.4,2.8,65.0,104.8,0.496,120.0,242.0,0.75,3.4,9.0,1.69,4.4,0.581,115.0,198.0,0.62,2.8,7.3,1.17,3.1,1.11,4064.0,0.521,3.0,0.667,0.042,71.0,0.62,642.0,0.555,114,43.5,45.6
109,12.0,Denis Shapovalov ,31.0,0.581,0.6759999999999999,0.696,251.0,0.105,176.0,0.073,0.17300000000000001,0.5760000000000001,0.778,0.539,0.652,0.88,6.3,2.0,CAN,0.359,0.354,0.051,0.036000000000000004,0.29,0.484,0.204,6.4,2.3,51.0,62.8,0.401,79.0,197.0,0.51,2.6,6.4,1.04,2.5,0.733,126.0,172.0,0.45,2.3,5.5,0.61,1.5,1.11,4885.0,0.515,14.0,0.35700000000000004,0.184,76.0,0.579,770.0,0.539,115,46.7,43.6
110,13.0,Pablo Carreno Busta ,27.0,0.7040000000000001,0.657,0.652,95.0,0.046,35.0,0.017,0.055999999999999994,0.6990000000000001,0.703,0.551,0.584,0.821,6.3,2.1,ESP,0.389,0.405,0.081,0.028999999999999998,0.313,0.514,0.257,6.3,2.5,55.5,75.4,0.447,85.0,190.0,0.57,2.7,7.0,1.2,3.1,0.655,112.0,171.0,0.52,2.4,6.3,0.83,2.2,1.14,4165.0,0.522,7.0,0.857,0.099,71.0,0.6759999999999999,661.0,0.539,111,42.3,43.2
111,14.0,Casper Ruud ,32.0,0.75,0.6779999999999999,0.6779999999999999,147.0,0.065,68.0,0.03,0.085,0.645,0.737,0.5710000000000001,0.624,0.861,5.9,1.9,NOR,0.39399999999999996,0.39299999999999996,0.057,0.038,0.312,0.527,0.265,6.4,2.5,49.0,61.2,0.455,97.0,213.0,0.58,2.7,6.7,1.23,3.0,0.604,81.0,134.0,0.35,1.7,4.2,0.67,1.7,1.22,4612.0,0.5329999999999999,10.0,0.6,0.127,79.0,0.7090000000000001,748.0,0.57,104,42.0,43.2
112,15.0,Alex De Minaur ,33.0,0.606,0.643,0.644,101.0,0.042,62.0,0.026000000000000002,0.066,0.606,0.7040000000000001,0.5489999999999999,0.588,0.804,6.2,2.2,AUS,0.40299999999999997,0.41,0.064,0.033,0.33399999999999996,0.516,0.27699999999999997,6.5,2.6,53.0,75.5,0.435,107.0,246.0,0.64,3.0,7.5,1.3,3.2,0.625,125.0,200.0,0.52,2.4,6.1,0.91,2.3,1.13,4910.0,0.519,8.0,0.5,0.098,82.0,0.585,768.0,0.539,105,42.2,42.3
113,16.0,David Goffin ,27.0,0.519,0.608,0.609,135.0,0.066,92.0,0.045,0.11,0.59,0.7040000000000001,0.47,0.528,0.754,6.6,2.6,BEL,0.39799999999999996,0.39899999999999997,0.053,0.034,0.321,0.524,0.285,6.4,2.6,64.0,71.9,0.426,89.0,209.0,0.67,3.2,7.7,1.35,3.3,0.58,105.0,181.0,0.59,2.7,6.7,1.15,2.8,1.02,4050.0,0.504,9.0,0.222,0.136,66.0,0.53,621.0,0.519,104,42.7,41.7
114,17.0,Gael Monfils ,10.0,0.2,0.578,0.5770000000000001,73.0,0.071,52.0,0.051,0.136,0.626,0.6779999999999999,0.41100000000000003,0.47600000000000003,0.722,6.8,2.9,FRA,0.38299999999999995,0.371,0.028999999999999998,0.037000000000000005,0.317,0.491,0.21600000000000003,6.8,2.6,73.0,88.6,0.337,33.0,98.0,0.64,3.2,9.8,1.06,3.3,0.5670000000000001,55.0,97.0,0.64,3.1,9.7,1.35,4.2,0.91,2055.0,0.48,3.0,0.33299999999999996,0.09699999999999999,31.0,0.387,304.0,0.467,140,45.3,41.0
115,18.0,Hubert Hurkacz ,26.0,0.5770000000000001,0.657,0.635,211.0,0.107,52.0,0.026000000000000002,0.076,0.652,0.732,0.517,0.56,0.8320000000000001,6.1,2.1,POL,0.359,0.35700000000000004,0.051,0.032,0.293,0.478,0.17600000000000002,6.5,2.3,63.0,113.0,0.353,55.0,156.0,0.5,2.4,6.0,0.86,2.1,0.614,86.0,140.0,0.44,2.2,5.4,0.84,2.1,1.05,3999.0,0.506,11.0,0.727,0.172,64.0,0.578,634.0,0.508,104,42.4,40.7
116,19.0,Felix Auger Aliassime ,33.0,0.606,0.674,0.67,271.0,0.114,119.0,0.05,0.141,0.645,0.762,0.514,0.599,0.846,6.1,2.0,CAN,0.37200000000000005,0.37200000000000005,0.055,0.034,0.303,0.498,0.233,6.2,2.3,54.0,54.8,0.426,89.0,209.0,0.55,2.6,6.3,1.11,2.7,0.618,97.0,157.0,0.4,2.0,4.8,0.75,1.8,1.14,4766.0,0.523,16.0,0.375,0.2,80.0,0.6,772.0,0.5429999999999999,109,45.1,45.4
117,20.0,Christian Garin ,22.0,0.591,0.612,0.612,91.0,0.048,56.0,0.03,0.077,0.613,0.6759999999999999,0.511,0.5539999999999999,0.775,6.6,2.6,CHI,0.405,0.40399999999999997,0.052000000000000005,0.037000000000000005,0.34600000000000003,0.501,0.293,6.6,2.7,52.0,99.1,0.425,82.0,193.0,0.69,3.3,8.8,1.41,3.7,0.6609999999999999,125.0,189.0,0.67,3.3,8.6,1.1,2.9,1.05,3738.0,0.51,9.0,0.33299999999999996,0.155,58.0,0.569,564.0,0.535,126,47.9,44.6
118,21.0,Grigor Dimitrov ,20.0,0.55,0.633,0.638,101.0,0.069,69.0,0.047,0.128,0.632,0.722,0.48100000000000004,0.552,0.7909999999999999,6.5,2.4,BUL,0.402,0.40399999999999997,0.052000000000000005,0.033,0.33799999999999997,0.512,0.28,6.5,2.6,55.0,75.0,0.43200000000000005,63.0,146.0,0.65,3.0,7.3,1.29,3.2,0.664,93.0,140.0,0.62,2.9,7.0,0.96,2.4,1.1,2931.0,0.517,8.0,0.375,0.163,49.0,0.5920000000000001,450.0,0.536,103,42.1,42.2
119,22.0,Milos Raonic ,11.0,0.636,0.718,0.7,165.0,0.193,49.0,0.057,0.145,0.603,0.81,0.578,0.6759999999999999,0.9109999999999999,5.8,1.7,CAN,0.376,0.379,0.061,0.033,0.317,0.47200000000000003,0.212,6.7,2.5,51.0,48.3,0.36,31.0,86.0,0.59,2.9,7.8,1.03,2.8,0.7170000000000001,33.0,46.0,0.32,1.5,4.2,0.43,1.2,1.33,1827.0,0.536,7.0,0.28600000000000003,0.233,30.0,0.633,292.0,0.562,117,42.8,42.2
120,23.0,Jannik Sinner ,36.0,0.667,0.627,0.621,164.0,0.055,73.0,0.024,0.065,0.622,0.675,0.547,0.585,0.782,6.6,2.5,ITA,0.391,0.392,0.057,0.035,0.317,0.505,0.257,6.6,2.6,43.5,62.5,0.444,116.0,261.0,0.58,2.9,7.3,1.27,3.2,0.6459999999999999,181.0,280.0,0.62,3.1,7.8,1.09,2.8,1.05,5945.0,0.51,20.0,0.65,0.22,91.0,0.604,905.0,0.52,120,47.6,43.7
121,24.0,Aslan Karatsev ,36.0,0.722,0.662,0.669,191.0,0.071,125.0,0.047,0.115,0.593,0.745,0.54,0.61,0.8290000000000001,6.0,2.0,RUS,0.396,0.40399999999999997,0.068,0.033,0.32799999999999996,0.512,0.27899999999999997,6.4,2.5,44.0,64.5,0.40399999999999997,122.0,302.0,0.69,3.1,8.4,1.27,3.4,0.614,121.0,197.0,0.44,2.1,5.5,0.79,2.1,1.17,5478.0,0.526,8.0,0.375,0.083,96.0,0.6459999999999999,882.0,0.557,113,42.2,44.4
122,25.0,Ugo Humbert ,28.0,0.536,0.677,0.66,240.0,0.10300000000000001,65.0,0.027999999999999997,0.077,0.64,0.764,0.523,0.5660000000000001,0.852,6.3,2.0,FRA,0.33799999999999997,0.353,0.096,0.028999999999999998,0.26899999999999996,0.461,0.149,6.5,2.2,60.0,62.3,0.313,55.0,176.0,0.48,2.4,6.3,0.75,2.0,0.6559999999999999,105.0,160.0,0.43,2.2,5.7,0.75,2.0,1.05,4727.0,0.505,20.0,0.55,0.27399999999999997,73.0,0.493,741.0,0.501,116,44.7,41.4
123,26.0,Daniel Evans ,25.0,0.56,0.624,0.621,111.0,0.051,56.0,0.026000000000000002,0.069,0.63,0.6829999999999999,0.524,0.563,0.8,7.0,2.6,GBR,0.381,0.386,0.066,0.033,0.321,0.498,0.242,6.4,2.4,42.0,42.0,0.47,77.0,164.0,0.52,2.6,6.6,1.2,3.1,0.7120000000000001,153.0,215.0,0.69,3.4,8.6,0.97,2.5,1.01,4212.0,0.507,12.0,0.41700000000000004,0.188,64.0,0.547,628.0,0.518,169,65.9,60.1
124,27.0,Lorenzo Sonego ,31.0,0.581,0.648,0.638,154.0,0.062,49.0,0.02,0.059000000000000004,0.6659999999999999,0.713,0.517,0.55,0.818,6.3,2.2,ITA,0.373,0.36700000000000005,0.045,0.037000000000000005,0.305,0.49,0.22,6.6,2.5,54.0,78.4,0.35600000000000004,85.0,239.0,0.62,3.0,7.7,1.08,2.7,0.606,109.0,180.0,0.46,2.3,5.8,0.9,2.3,1.06,5040.0,0.508,12.0,0.5,0.152,79.0,0.544,777.0,0.52,123,48.2,45.3
125,28.0,Nikoloz Basilashvili ,37.0,0.568,0.602,0.612,132.0,0.048,130.0,0.047,0.109,0.5670000000000001,0.685,0.49200000000000005,0.5529999999999999,0.725,6.5,2.6,GEO,0.4,0.425,0.096,0.027999999999999997,0.33,0.523,0.281,6.6,2.6,57.0,94.0,0.42700000000000005,120.0,281.0,0.66,3.1,7.6,1.33,3.2,0.552,143.0,259.0,0.61,2.9,7.0,1.29,3.1,1.0,5568.0,0.5,12.0,0.75,0.133,90.0,0.544,849.0,0.502,98,40.2,39.0
126,29.0,Karen Khachanov ,30.0,0.5329999999999999,0.6459999999999999,0.635,190.0,0.073,63.0,0.024,0.067,0.638,0.7190000000000001,0.518,0.555,0.8270000000000001,6.6,2.3,RUS,0.369,0.377,0.07200000000000001,0.03,0.281,0.504,0.19899999999999998,6.6,2.4,64.5,81.8,0.401,79.0,197.0,0.5,2.4,6.6,0.98,2.6,0.642,124.0,193.0,0.48,2.4,6.4,0.85,2.3,1.04,5225.0,0.508,20.0,0.55,0.247,81.0,0.568,795.0,0.514,121,44.7,41.6
127,30.0,Stanislas Wawrinka ,6.0,0.5,0.662,0.6459999999999999,59.0,0.09300000000000001,16.0,0.025,0.059000000000000004,0.574,0.7659999999999999,0.522,0.555,0.8540000000000001,6.6,2.2,SUI,0.34299999999999997,0.34299999999999997,0.051,0.027000000000000003,0.287,0.429,0.177,6.1,2.1,84.0,85.3,0.354,17.0,48.0,0.5,2.5,8.0,0.89,2.8,0.682,30.0,44.0,0.46,2.3,7.3,0.74,2.3,1.02,1223.0,0.509,4.0,0.5,0.21100000000000002,19.0,0.526,192.0,0.516,141,44.5,41.5
128,31.0,Fabio Fognini ,29.0,0.517,0.602,0.622,67.0,0.031,110.0,0.05,0.124,0.593,0.68,0.489,0.5579999999999999,0.732,6.6,2.6,ITA,0.39,0.396,0.062,0.028999999999999998,0.33399999999999996,0.478,0.262,6.4,2.5,58.0,87.6,0.42700000000000005,88.0,206.0,0.61,2.9,7.1,1.24,3.0,0.586,126.0,215.0,0.65,3.0,7.4,1.25,3.1,0.98,4325.0,0.49700000000000005,12.0,0.75,0.16899999999999998,71.0,0.535,668.0,0.496,108,43.9,43.3
129,32.0,Reilly Opelka ,19.0,0.42100000000000004,0.6890000000000001,0.63,331.0,0.207,45.0,0.027999999999999997,0.078,0.638,0.767,0.551,0.597,0.8759999999999999,6.2,1.9,USA,0.305,0.298,0.068,0.038,0.226,0.44299999999999995,0.132,6.0,1.8,59.0,116.2,0.415,34.0,82.0,0.32,1.6,4.3,0.68,1.8,0.677,67.0,99.0,0.38,2.0,5.2,0.64,1.7,0.98,3150.0,0.5,15.0,0.4,0.3,50.0,0.5,515.0,0.505,112,42.4,40.4
130,33.0,John Isner ,14.0,0.643,0.716,0.64,281.0,0.242,20.0,0.017,0.055999999999999994,0.6920000000000001,0.7959999999999999,0.536,0.568,0.914,5.9,1.7,USA,0.275,0.26899999999999996,0.064,0.032,0.212,0.397,0.083,6.1,1.7,29.5,44.6,0.258,16.0,62.0,0.32,1.6,4.4,0.42,1.1,0.575,23.0,40.0,0.2,1.1,2.9,0.45,1.2,0.97,2326.0,0.496,13.0,0.769,0.342,38.0,0.632,389.0,0.504,110,40.6,39.8
131,34.0,Cameron Norrie ,46.0,0.7170000000000001,0.639,0.639,208.0,0.062,117.0,0.035,0.10400000000000001,0.664,0.711,0.498,0.555,0.813,6.2,2.2,GBR,0.402,0.405,0.063,0.038,0.322,0.535,0.281,6.3,2.5,50.5,102.7,0.452,151.0,334.0,0.62,2.9,7.3,1.32,3.3,0.625,168.0,269.0,0.5,2.4,5.8,0.89,2.2,1.11,6758.0,0.52,8.0,0.625,0.07,114.0,0.64,1078.0,0.5479999999999999,108,43.4,43.9
132,35.0,Alejandro Davidovich Fokina ,34.0,0.647,0.614,0.629,56.0,0.022000000000000002,91.0,0.036000000000000004,0.114,0.6859999999999999,0.674,0.485,0.547,0.745,6.4,2.5,ESP,0.409,0.41200000000000003,0.065,0.04,0.33899999999999997,0.523,0.293,6.5,2.7,55.0,98.1,0.405,117.0,289.0,0.72,3.4,8.5,1.39,3.4,0.545,122.0,224.0,0.56,2.7,6.6,1.21,3.0,1.06,5160.0,0.51,13.0,0.769,0.155,84.0,0.619,800.0,0.519,108,43.5,42.5
133,36.0,Borna Coric ,9.0,0.667,0.6970000000000001,0.674,82.0,0.129,18.0,0.027999999999999997,0.085,0.669,0.7559999999999999,0.578,0.632,0.862,5.8,1.8,CRO,0.349,0.366,0.08199999999999999,0.021,0.272,0.484,0.168,6.4,2.2,47.0,75.6,0.34600000000000003,18.0,52.0,0.49,2.5,5.8,0.86,2.0,0.634,26.0,41.0,0.38,2.0,4.6,0.71,1.7,1.15,1319.0,0.517,5.0,0.8,0.23800000000000002,21.0,0.667,216.0,0.519,106,45.4,43.4
134,37.0,Marin Cilic ,28.0,0.607,0.6559999999999999,0.635,289.0,0.134,97.0,0.045,0.11,0.5920000000000001,0.775,0.48200000000000004,0.542,0.818,6.3,2.2,CRO,0.37,0.382,0.08900000000000001,0.035,0.297,0.49,0.204,6.8,2.5,73.5,93.1,0.321,68.0,212.0,0.64,3.1,7.6,0.99,2.4,0.6609999999999999,121.0,183.0,0.54,2.7,6.5,0.9,2.2,1.08,4414.0,0.51,16.0,0.43799999999999994,0.23199999999999998,69.0,0.551,674.0,0.515,109,44.3,41.6
135,38.0,Alexander Bublik ,38.0,0.579,0.639,0.624,457.0,0.158,207.0,0.07200000000000001,0.175,0.591,0.758,0.466,0.565,0.813,6.5,2.3,KAZ,0.35200000000000004,0.35100000000000003,0.057999999999999996,0.033,0.285,0.465,0.213,6.2,2.2,56.5,74.5,0.39,94.0,241.0,0.55,2.6,6.3,1.02,2.5,0.6509999999999999,155.0,238.0,0.53,2.6,6.3,0.9,2.2,0.97,5607.0,0.5,14.0,0.35700000000000004,0.152,92.0,0.5539999999999999,886.0,0.515,91,37.5,36.9
136,39.0,Albert Ramos ,31.0,0.581,0.619,0.621,87.0,0.033,63.0,0.024,0.064,0.629,0.6779999999999999,0.52,0.556,0.763,6.4,2.5,ESP,0.401,0.409,0.064,0.031,0.325,0.534,0.267,6.5,2.6,77.0,111.3,0.44,110.0,250.0,0.61,3.0,8.1,1.31,3.5,0.589,139.0,236.0,0.58,2.8,7.6,1.15,3.1,1.05,5301.0,0.51,14.0,0.429,0.16699999999999998,84.0,0.536,822.0,0.515,128,47.2,44.9
137,40.0,Taylor Harry Fritz ,23.0,0.565,0.643,0.626,187.0,0.09300000000000001,56.0,0.027999999999999997,0.067,0.5870000000000001,0.7290000000000001,0.522,0.5589999999999999,0.797,6.4,2.3,USA,0.368,0.377,0.08800000000000001,0.038,0.282,0.496,0.215,6.4,2.3,38.0,44.5,0.387,67.0,173.0,0.56,2.7,7.5,1.05,2.9,0.597,95.0,159.0,0.5,2.5,6.9,1.0,2.8,1.03,4005.0,0.507,13.0,0.6920000000000001,0.203,64.0,0.547,626.0,0.508,118,42.5,40.8
138,41.0,Adrian Mannarino ,26.0,0.34600000000000003,0.614,0.614,101.0,0.057,62.0,0.035,0.084,0.5820000000000001,0.69,0.509,0.555,0.7509999999999999,6.5,2.5,FRA,0.33799999999999997,0.354,0.099,0.028999999999999998,0.276,0.445,0.156,6.1,2.1,73.5,88.0,0.349,44.0,126.0,0.45,2.1,4.8,0.75,1.7,0.59,98.0,166.0,0.61,2.8,6.4,1.15,2.6,0.88,3491.0,0.478,6.0,0.5,0.102,59.0,0.35600000000000004,555.0,0.449,97,42.7,43.3
139,42.0,Dusan Lajovic ,24.0,0.33299999999999996,0.616,0.614,76.0,0.038,42.0,0.021,0.067,0.682,0.654,0.535,0.573,0.758,6.4,2.5,SRB,0.37,0.373,0.069,0.037000000000000005,0.303,0.486,0.213,6.5,2.4,52.0,82.9,0.391,66.0,169.0,0.55,2.6,7.0,1.03,2.8,0.59,108.0,183.0,0.59,2.9,7.6,1.17,3.1,0.96,3981.0,0.493,8.0,0.375,0.125,64.0,0.406,620.0,0.485,160,59.9,57.8
140,43.0,John Millman ,24.0,0.41700000000000004,0.602,0.604,54.0,0.03,40.0,0.022000000000000002,0.059000000000000004,0.62,0.672,0.488,0.519,0.722,6.5,2.6,AUS,0.361,0.366,0.059000000000000004,0.025,0.29,0.47200000000000003,0.177,6.4,2.3,39.5,88.2,0.361,48.0,133.0,0.49,2.3,5.5,0.83,2.0,0.589,109.0,185.0,0.68,3.2,7.7,1.31,3.2,0.91,3517.0,0.483,7.0,1.0,0.121,58.0,0.414,544.0,0.45,109,45.1,44.6
141,44.0,Filip Krajinovic ,17.0,0.47100000000000003,0.632,0.629,90.0,0.063,45.0,0.031,0.08199999999999999,0.616,0.7,0.524,0.57,0.8079999999999999,6.5,2.4,SRB,0.363,0.376,0.10099999999999999,0.04,0.27,0.516,0.222,6.2,2.2,55.5,68.6,0.414,48.0,116.0,0.54,2.5,6.8,1.04,2.8,0.669,85.0,127.0,0.58,2.8,7.5,0.91,2.5,0.99,2766.0,0.503,8.0,0.375,0.174,46.0,0.5,435.0,0.517,113,41.6,41.5
142,45.0,Jan Lennard Struff ,33.0,0.515,0.622,0.602,323.0,0.11900000000000001,124.0,0.046,0.10400000000000001,0.562,0.7390000000000001,0.47200000000000003,0.526,0.7709999999999999,6.6,2.5,GER,0.377,0.377,0.067,0.04,0.3,0.49700000000000005,0.213,6.8,2.6,56.0,80.9,0.341,88.0,258.0,0.62,3.1,7.8,1.05,2.7,0.578,129.0,223.0,0.54,2.7,6.8,1.12,2.8,1.0,5548.0,0.49700000000000005,19.0,0.579,0.226,84.0,0.512,823.0,0.491,111,43.7,39.7
143,46.0,Benoit Paire ,18.0,0.111,0.539,0.5589999999999999,109.0,0.079,134.0,0.09699999999999999,0.214,0.5479999999999999,0.679,0.371,0.47200000000000003,0.589,7.0,3.2,FRA,0.374,0.369,0.040999999999999995,0.032,0.31,0.488,0.217,6.7,2.5,74.0,143.9,0.361,43.0,119.0,0.6,2.8,6.6,1.02,2.4,0.542,96.0,177.0,0.9,4.2,9.8,1.93,4.5,0.81,2711.0,0.45899999999999996,7.0,0.28600000000000003,0.16699999999999998,42.0,0.214,395.0,0.40299999999999997,94,40.2,37.4
144,47.0,Federico Delbonis ,37.0,0.6759999999999999,0.618,0.627,126.0,0.043,119.0,0.040999999999999995,0.11199999999999999,0.639,0.682,0.504,0.568,0.768,6.5,2.5,ARG,0.414,0.41200000000000003,0.044000000000000004,0.035,0.34600000000000003,0.5379999999999999,0.319,6.6,2.7,89.0,101.1,0.435,144.0,331.0,0.73,3.5,8.9,1.53,3.9,0.617,169.0,274.0,0.61,2.9,7.4,1.12,2.8,1.08,5893.0,0.516,14.0,0.429,0.149,94.0,0.606,903.0,0.544,119,46.8,44.8
145,48.0,Marton Fucsovics ,31.0,0.613,0.636,0.6509999999999999,101.0,0.039,116.0,0.044000000000000004,0.107,0.586,0.7,0.545,0.611,0.79,6.5,2.4,HUN,0.387,0.389,0.048,0.027999999999999997,0.327,0.48700000000000004,0.242,6.8,2.6,47.5,68.2,0.39799999999999996,97.0,244.0,0.61,3.0,7.9,1.18,3.1,0.63,143.0,227.0,0.57,2.8,7.3,1.02,2.7,1.06,5331.0,0.509,21.0,0.524,0.256,82.0,0.5489999999999999,801.0,0.516,126,47.7,44.0
146,49.0,Miomir Kecmanovic ,24.0,0.41700000000000004,0.593,0.588,81.0,0.040999999999999995,41.0,0.021,0.055999999999999994,0.625,0.634,0.524,0.555,0.6940000000000001,6.5,2.7,SRB,0.38799999999999996,0.402,0.087,0.036000000000000004,0.31,0.519,0.247,6.7,2.6,57.5,70.5,0.402,74.0,184.0,0.62,3.0,7.7,1.19,3.1,0.593,134.0,226.0,0.75,3.6,9.4,1.48,3.8,0.95,3970.0,0.49,10.0,0.5,0.161,62.0,0.435,600.0,0.47200000000000003,115,44.4,41.6
147,50.0,Sebastian Korda ,28.0,0.643,0.629,0.629,128.0,0.062,76.0,0.037000000000000005,0.105,0.647,0.7020000000000001,0.494,0.551,0.8029999999999999,6.6,2.5,USA,0.396,0.39,0.044000000000000004,0.039,0.314,0.525,0.271,6.4,2.5,55.5,73.5,0.45399999999999996,83.0,183.0,0.6,2.8,6.5,1.28,3.0,0.6920000000000001,137.0,198.0,0.64,3.0,7.1,0.94,2.2,1.07,4002.0,0.516,7.0,0.429,0.10800000000000001,65.0,0.6,616.0,0.539,102,43.9,42.8
